Date,Temp
1/1/16,8.91
1/2/16,9.04
1/3/16,8.86
1/4/16,8.56
1/5/16,7.92
1/6/16,7.94
1/7/16,7.57
1/8/16,7.41
1/9/16,7.05
1/10/16,7.52
1/11/16,7.37
1/12/16,7.16
1/13/16,6.64
1/14/16,6.62
1/15/16,6.6
1/16/16,6.54
1/17/16,6.58
1/18/16,6.23
1/19/16,6.27
1/20/16,5.9
1/21/16,5.87
1/22/16,5.61
1/23/16,4.89
1/24/16,4.37
1/25/16,4.42
1/26/16,4.34
1/27/16,4.67
1/28/16,4.59
1/29/16,4.57
1/30/16,5.01
1/31/16,5.08
2/1/16,5.08
2/2/16,5.17
2/3/16,5.21
2/4/16,5.17
2/5/16,5.02
2/6/16,4.91
2/7/16,5.06
2/8/16,5.22
2/9/16,5.18
2/10/16,4.2
2/11/16,4.09
2/12/16,4.06
2/13/16,3.59
2/14/16,3.55
2/15/16,3.49
2/16/16,3.9
2/17/16,3.76
2/18/16,3.49
2/19/16,3.53
2/20/16,4.15
2/21/16,3.98
2/22/16,4.17
2/23/16,4.01
2/24/16,4.02
2/25/16,4.28
2/26/16,4.17
2/27/16,3.87
2/28/16,3.86
2/29/16,4.53
3/1/16,4.44
3/2/16,4.51
3/3/16,4.33
3/4/16,4.2
3/5/16,4.1
3/6/16,3.88
3/7/16,3.86
3/8/16,4.45
3/9/16,4.78
3/10/16,5.22
3/11/16,5.72
3/12/16,5.21
3/13/16,4.92
3/14/16,5.05
3/15/16,4.76
3/16/16,4.9
3/17/16,4.68
3/18/16,4.73
3/19/16,5.4
3/20/16,5.19
3/21/16,5.27
3/22/16,5.1
3/23/16,5.25
3/24/16,5.5
3/25/16,5.41
3/26/16,5.4
3/27/16,5.24
3/28/16,6.23
3/29/16,6.36
3/30/16,5.68
3/31/16,5.94
4/1/16,6.17
4/2/16,6.34
4/3/16,5.81
4/4/16,5.84
4/5/16,5.63
4/6/16,5.71
4/7/16,5.95
4/8/16,6.08
4/9/16,6.13
4/10/16,6.14
4/11/16,6.17
4/12/16,6.4
4/13/16,6.42
4/14/16,6.7
4/15/16,6.97
4/16/16,6.77
4/17/16,7.24
4/18/16,7.5
4/19/16,7.81
4/20/16,8
4/21/16,8.07
4/22/16,8.3
4/23/16,8.93
4/24/16,8.79
4/25/16,8.8
4/26/16,8.76
4/27/16,8.84
4/28/16,8.79
4/29/16,8.85
4/30/16,9.14
5/1/16,9.21
5/2/16,9.72
5/3/16,9.82
5/4/16,9.67
5/5/16,9.76
5/6/16,9.87
5/7/16,9.97
5/8/16,10.01
5/9/16,9.88
5/10/16,10.12
5/11/16,10.66
5/12/16,11
5/13/16,10.93
5/14/16,11.29
5/15/16,11.01
5/16/16,10.71
5/17/16,10.78
5/18/16,11.08
5/19/16,11.73
5/20/16,11.93
5/21/16,12.09
5/22/16,12.64
5/23/16,12.89
5/24/16,13.36
5/25/16,13.83
5/26/16,14.23
5/27/16,14.72
5/28/16,14.96
5/29/16,15.09
5/30/16,15.26
5/31/16,15.6
6/1/16,15.7
6/2/16,15.72
6/3/16,15.87
6/4/16,15.94
6/5/16,16.09
6/6/16,16.01
6/7/16,16.2
6/8/16,15.95
6/9/16,15.56
6/10/16,15.7
6/11/16,15.8
6/12/16,15.92
6/13/16,15.54
6/14/16,15.94
6/15/16,16.04
6/16/16,16.94
6/17/16,17.1
6/18/16,17.34
6/19/16,17.63
6/20/16,17.95
6/21/16,18.08
6/22/16,18.55
6/23/16,18.99
6/24/16,19.39
6/25/16,19.56
6/26/16,19.52
6/27/16,19.61
6/28/16,19.57
6/29/16,20.16
6/30/16,20.24
7/1/16,20.39
7/2/16,19.98
7/3/16,19.8
7/4/16,19.72
7/5/16,20.85
7/6/16,21
7/7/16,20.99
7/8/16,20.66
7/9/16,20.11
7/10/16,19.83
7/11/16,19.88
7/12/16,19.77
7/13/16,20.51
7/14/16,20.57
7/15/16,21.63
7/16/16,21.87
7/17/16,22.39
7/18/16,22.34
7/19/16,21.95
7/20/16,21.96
7/21/16,21.83
7/22/16,22.05
7/23/16,22
7/24/16,21.95
7/25/16,21.96
7/26/16,22.45
7/27/16,22.76
7/28/16,22.58
7/29/16,22.41
7/30/16,22.37
7/31/16,22.3
8/1/16,21.9
8/2/16,21.72
8/3/16,21.76
8/4/16,21.85
8/5/16,22
8/6/16,22.08
8/7/16,22.26
8/8/16,22.22
8/9/16,22.2
8/10/16,22.19
8/11/16,22.26
8/12/16,22.75
8/13/16,23.39
8/14/16,23.71
8/15/16,23.72
8/16/16,23.58
8/17/16,23.01
8/18/16,22.92
8/19/16,22.85
8/20/16,22.68
8/21/16,22.55
8/22/16,22.33
8/23/16,22.19
8/24/16,22.17
8/25/16,22.12
8/26/16,22.53
8/27/16,22.76
8/28/16,22.79
8/29/16,22.88
8/30/16,22.47
8/31/16,22.26
9/1/16,21.96
9/2/16,21.82
9/3/16,21.43
9/4/16,21.08
9/5/16,20.81
9/6/16,20.24
9/7/16,20.11
9/8/16,20.11
9/9/16,21.37
9/10/16,21.24
9/11/16,20.89
9/12/16,20.76
9/13/16,20.98
9/14/16,20.86
9/15/16,20.34
9/16/16,20.07
9/17/16,20.07
9/18/16,20.06
9/19/16,20.22
9/20/16,20.31
9/21/16,20.37
9/22/16,20.93
9/23/16,20.82
9/24/16,20.08
9/25/16,19.81
9/26/16,19.54
9/27/16,19.27
9/28/16,18.99
9/29/16,18.52
9/30/16,18.23
10/1/16,18.09
10/2/16,18.1
10/3/16,17.81
10/4/16,17.62
10/5/16,17.61
10/6/16,17.84
10/7/16,17.85
10/8/16,17.68
10/9/16,17.66
10/10/16,17.23
10/11/16,17.09
10/12/16,16.98
10/13/16,16.94
10/14/16,16.71
10/15/16,16.46
10/16/16,16.4
10/17/16,16.96
10/18/16,17.39
10/19/16,17.34
10/20/16,17.19
10/21/16,17.17
10/22/16,17.1
10/23/16,16.81
10/24/16,16.56
10/25/16,16.17
10/26/16,15.77
10/27/16,15.57
10/28/16,15.48
10/29/16,15.46
10/30/16,15.51
10/31/16,15.07
11/1/16,14.8
11/2/16,14.67
11/3/16,14.64
11/4/16,14.72
11/5/16,14.42
11/6/16,13.99
11/7/16,13.93
11/8/16,14.37
11/9/16,14.27
11/10/16,14.36
11/11/16,14.3
11/12/16,14.18
11/13/16,14.15
11/14/16,13.88
11/15/16,13.65
11/16/16,13.66
11/17/16,13.37
11/18/16,13.21
11/19/16,13.02
11/20/16,12.68
11/21/16,12.4
11/22/16,12.65
11/23/16,12.44
11/24/16,12.25
11/25/16,12.1
11/26/16,11.98
11/27/16,11.71
11/28/16,11.56
11/29/16,11.34
11/30/16,11.36
12/1/16,11.17
12/2/16,11.07
12/3/16,11.03
12/4/16,10.67
12/5/16,10.59
12/6/16,10.36
12/7/16,10.17
12/8/16,9.97
12/9/16,10.15
12/10/16,10.09
12/11/16,10.05
12/12/16,9.68
12/13/16,9.44
12/14/16,9.23
12/15/16,9.16
12/16/16,8.94
12/17/16,8.86
12/18/16,8.83
12/19/16,8.46
12/20/16,8.14
12/21/16,8.08
12/22/16,8.03
12/23/16,7.94
12/24/16,7.77
12/25/16,7.78
12/26/16,7.67
12/27/16,7.65
12/28/16,7.49
12/29/16,7.57
12/30/16,7.49
12/31/16,7.2
1/1/17,7.1
1/2/17,7.13
1/3/17,6.81
1/4/17,6.57
1/5/17,6.36
1/6/17,6.25
1/7/17,6.25
1/8/17,6.27
1/9/17,6.22
1/10/17,6.05
1/11/17,6.35
1/12/17,6.16
1/13/17,5.96
1/14/17,5.78
1/15/17,5.51
1/16/17,5.17
1/17/17,5.07
1/18/17,5.25
1/19/17,5.35
1/20/17,5.31
1/21/17,5.34
1/22/17,5.29
1/23/17,5.56
1/24/17,5.52
1/25/17,5.23
1/26/17,5.33
1/27/17,5.27
1/28/17,5.27
1/29/17,5.31
1/30/17,5.06
1/31/17,4.83
2/1/17,4.79
2/2/17,4.89
2/3/17,4.68
2/4/17,4.26
2/5/17,4.56
2/6/17,4.38
2/7/17,4.47
2/8/17,4.5
2/9/17,4.54
2/10/17,4.32
2/11/17,4.19
2/12/17,4.15
2/13/17,3.86
2/14/17,3.79
2/15/17,3.77
2/16/17,3.9
2/17/17,3.81
2/18/17,4.01
2/19/17,4.15
2/20/17,4.08
2/21/17,3.9
2/22/17,4.12
2/23/17,4.05
2/24/17,4.35
2/25/17,4.56
2/26/17,4.59
2/27/17,4.33
2/28/17,4.32
3/1/17,4.5
3/2/17,4.78
3/3/17,4.85
3/4/17,4.92
3/5/17,4.71
3/6/17,4.73
3/7/17,4.51
3/8/17,4.49
3/9/17,4.7
3/10/17,5.04
3/11/17,4.89
3/12/17,4.79
3/13/17,4.69
3/14/17,4.6
3/15/17,3.87
3/16/17,4.01
3/17/17,3.99
3/18/17,3.84
3/19/17,3.74
3/20/17,3.72
3/21/17,3.55
3/22/17,3.91
3/23/17,3.91
3/24/17,3.98
3/25/17,3.87
3/26/17,4.01
3/27/17,4.17
3/28/17,4.25
3/29/17,4.13
3/30/17,4.22
3/31/17,4.18
4/1/17,4.22
4/2/17,4.34
4/3/17,4.53
4/4/17,4.64
4/5/17,4.52
4/6/17,4.68
4/7/17,4.69
4/8/17,4.77
4/9/17,5.05
4/10/17,5.25
4/11/17,5.49
4/12/17,6.03
4/13/17,6.2
4/14/17,6.89
4/15/17,7.19
4/16/17,7.54
4/17/17,7.75
4/18/17,7.76
4/19/17,7.7
4/20/17,7.95
4/21/17,7.98
4/22/17,7.99
4/23/17,7.93
4/24/17,8.21
4/25/17,8.53
4/26/17,8.64
4/27/17,8.72
4/28/17,8.97
4/29/17,9.66
4/30/17,9.67
5/1/17,9.66
5/2/17,9.73
5/3/17,9.98
5/4/17,10.15
5/5/17,10.15
5/6/17,10.29
5/7/17,10.35
5/8/17,10.38
5/9/17,10.47
5/10/17,10.87
5/11/17,10.88
5/12/17,10.81
5/13/17,10.93
5/14/17,10.52
5/15/17,10.86
5/16/17,11.1
5/17/17,11.6
5/18/17,11.99
5/19/17,12.46
5/20/17,12.61
5/21/17,13
5/22/17,13.04
5/23/17,13.11
5/24/17,13.15
5/25/17,12.74
5/26/17,12.83
5/27/17,12.94
5/28/17,13.47
5/29/17,13.23
5/30/17,13.33
5/31/17,13.45
6/1/17,13.82
6/2/17,13.68
6/3/17,13.75
6/4/17,13.9
6/5/17,14.05
6/6/17,13.35
6/7/17,13.03
6/8/17,13.29
6/9/17,13.8
6/10/17,14.32
6/11/17,14.51
6/12/17,15.13
6/13/17,15.87
6/14/17,16.11
6/15/17,16.32
6/16/17,16.25
6/17/17,16.28
6/18/17,16.5
6/19/17,16.61
6/20/17,17
6/21/17,17.18
6/22/17,17.19
6/23/17,17.49
6/24/17,18.09
6/25/17,18.33
6/26/17,18.5
6/27/17,18.5
6/28/17,18.37
6/29/17,18.28
6/30/17,18.45
7/1/17,18.76
7/2/17,19.23
7/3/17,19.42
7/4/17,19.86
7/5/17,20.12
7/6/17,20.24
7/7/17,20.27
7/8/17,20.21
7/9/17,20.44
7/10/17,20.39
7/11/17,20.81
7/12/17,20.88
7/13/17,21.28
7/14/17,20.81
7/15/17,20.8
7/16/17,20.82
7/17/17,20.76
7/18/17,21.83
7/19/17,21.8
7/20/17,22.1
7/21/17,22.29
7/22/17,22.55
7/23/17,22.3
7/24/17,22.01
7/25/17,21.26
7/26/17,21.13
7/27/17,21.14
7/28/17,20.97
7/29/17,20.93
7/30/17,20.13
7/31/17,20.05
8/1/17,20.41
8/2/17,20.55
8/3/17,20.82
8/4/17,21.11
8/5/17,21.32
8/6/17,21.25
8/7/17,21.1
8/8/17,21.25
8/9/17,20.93
8/10/17,20.96
8/11/17,21.34
8/12/17,21.44
8/13/17,21.67
8/14/17,21.64
8/15/17,21.62
8/16/17,21.72
8/17/17,21.41
8/18/17,21.35
8/19/17,21.51
8/20/17,21.46
8/21/17,21.28
8/22/17,21.16
8/23/17,20.94
8/24/17,21.01
8/25/17,20.93
8/26/17,20.81
8/27/17,20.69
8/28/17,20.53
8/29/17,20.69
8/30/17,20.24
8/31/17,20.33
9/1/17,20.26
9/2/17,20.15
9/3/17,19.58
9/4/17,19.28
9/5/17,19.36
9/6/17,19.69
9/7/17,19.87
9/8/17,19.79
9/9/17,19.68
9/10/17,19.53
9/11/17,19.3
9/12/17,19.22
9/13/17,19.3
9/14/17,19.55
9/15/17,20.41
9/16/17,20.29
9/17/17,20.48
9/18/17,20.76
9/19/17,21.4
9/20/17,20.99
9/21/17,20.71
9/22/17,20.16
9/23/17,19.4
9/24/17,19.5
9/25/17,19.51
9/26/17,19.84
9/27/17,19.9
9/28/17,20.37
9/29/17,19.94
9/30/17,19.67
10/1/17,19.06
10/2/17,18.79
10/3/17,18.59
10/4/17,18.36
10/5/17,18.41
10/6/17,18.87
10/7/17,18.82
10/8/17,18.99
10/9/17,19.14
10/10/17,19.57
10/11/17,19.27
10/12/17,19.03
10/13/17,18.64
10/14/17,18.45
10/15/17,18.37
10/16/17,18.28
10/17/17,18.11
10/18/17,17.84
10/19/17,17.51
10/20/17,17.57
10/21/17,17.36
10/22/17,17.31
10/23/17,17.4
10/24/17,17.58
10/25/17,17.8
10/26/17,18.27
10/27/17,17.91
10/28/17,17.49
10/29/17,17.38
10/30/17,17.51
10/31/17,17.06
11/1/17,16.73
11/2/17,16.54
11/3/17,16.38
11/4/17,16.49
11/5/17,16.48
11/6/17,16.44
11/7/17,16.25
11/8/17,15.71
11/9/17,15.43
11/10/17,15.34
11/11/17,14.79
11/12/17,14.3
11/13/17,13.91
11/14/17,13.62
11/15/17,13.57
11/16/17,13.38
11/17/17,13.23
11/18/17,13.04
11/19/17,13.4
11/20/17,13.12
11/21/17,13
11/22/17,12.77
11/23/17,12.84
11/24/17,12.57
11/25/17,12.4
11/26/17,12.31
11/27/17,12.28
11/28/17,12.25
11/29/17,12.02
11/30/17,11.87
12/1/17,11.88
12/2/17,11.66
12/3/17,11.37
12/4/17,11.29
12/5/17,11.22
12/6/17,11.31
12/7/17,11.1
12/8/17,10.86
12/9/17,10.93
12/10/17,10.53
12/11/17,10.41
12/12/17,10.2
12/13/17,10.12
12/14/17,9.88
12/15/17,9.93
12/16/17,9.38
12/17/17,9.38
12/18/17,8.87
12/19/17,9.04
12/20/17,8.93
12/21/17,8.63
12/22/17,8
12/23/17,7.61
12/24/17,7.72
12/25/17,7.64
12/26/17,7.66
12/27/17,8.06
12/28/17,7.89
12/29/17,7.42
12/30/17,7
12/31/17,6.76
1/1/18,6.72
1/2/18,6.28
1/3/18,5.61
1/4/18,4.97
1/5/18,4.63
1/6/18,4.75
1/7/18,4.25
1/8/18,3.8
1/9/18,3.57
1/10/18,3.7
1/11/18,3.59
1/12/18,3.61
1/13/18,4.01
1/14/18,3.93
1/15/18,3.92
1/16/18,3.66
1/17/18,3.62
1/18/18,3.51
1/19/18,3.52
1/20/18,3.55
1/21/18,3.55
1/22/18,3.52
1/23/18,3.67
1/24/18,3.62
1/25/18,3.5
1/26/18,3.41
1/27/18,3.19
1/28/18,3.36
1/29/18,4.15
1/30/18,4.23
1/31/18,3.58
2/1/18,3.44
2/2/18,3.24
2/3/18,3.18
2/4/18,3.25
2/5/18,3.31
2/6/18,3.19
2/7/18,3.08
2/8/18,3.19
2/9/18,3.13
2/10/18,3.32
2/11/18,3.92
2/12/18,3.94
2/13/18,3.22
2/14/18,3.31
2/15/18,3.71
2/16/18,4.15
2/17/18,3.45
2/18/18,3.49
2/19/18,3.42
2/20/18,4.04
2/21/18,4.49
2/22/18,4.42
2/23/18,4.93
2/24/18,4.95
2/25/18,5.24
2/26/18,4.31
2/27/18,4.49
2/28/18,4.31
3/1/18,5.19
3/2/18,5.28
3/3/18,5.16
3/4/18,4.83
3/5/18,4.86
3/6/18,4.37
3/7/18,4.92
3/8/18,5.24
3/9/18,4.35
3/10/18,4.15
3/11/18,4.21
3/12/18,4.37
3/13/18,4.79
3/14/18,4.05
3/15/18,4.36
3/16/18,4.26
3/17/18,4.25
3/18/18,4.18
3/19/18,4.33
3/20/18,4.19
3/21/18,4.5
3/22/18,4.67
3/23/18,3.94
3/24/18,3.99
3/25/18,4.14
3/26/18,4.17
3/27/18,4.35
3/28/18,5.22
3/29/18,5.59
3/30/18,6.03
3/31/18,5.1
4/1/18,5.24
4/2/18,5.63
4/3/18,5.42
4/4/18,4.55
4/5/18,4.8
4/6/18,4.69
4/7/18,4.68
4/8/18,5.45
4/9/18,5
4/10/18,5.24
4/11/18,5.19
4/12/18,5.73
4/13/18,6.32
4/14/18,6.9
4/15/18,6.32
4/16/18,5.79
4/17/18,5.63
4/18/18,5.68
4/19/18,5.76
4/20/18,6.09
4/21/18,6.2
4/22/18,6.48
4/23/18,6.76
4/24/18,7.8
4/25/18,8.4
4/26/18,8.19
4/27/18,8.82
4/28/18,8.47
4/29/18,8.19
4/30/18,8.34
5/1/18,8.36
5/2/18,8.67
5/3/18,8.23
5/4/18,9.07
5/5/18,8.98
5/6/18,9.31
5/7/18,10.27
5/8/18,10.67
5/9/18,10.78
5/10/18,10.83
5/11/18,11.02
5/12/18,11.42
5/13/18,11.25
5/14/18,11.47
5/15/18,11.33
5/16/18,11.35
5/17/18,11.48
5/18/18,11.43
5/19/18,11.5
5/20/18,11.96
5/21/18,12.52
5/22/18,12.13
5/23/18,13.53
5/24/18,13.13
5/25/18,13.2
5/26/18,13.32
5/27/18,13.32
5/28/18,13.29
5/29/18,14.18
5/30/18,14.36
5/31/18,13.98
6/1/18,13.75
6/2/18,14.22
6/3/18,14.77
6/4/18,14.38
6/5/18,14.64
6/6/18,14.5
6/7/18,14.91
6/8/18,15.31
6/9/18,15.91
6/10/18,15.36
6/11/18,15.98
6/12/18,15.89
6/13/18,16.07
6/14/18,16.48
6/15/18,16.1
6/16/18,16.27
6/17/18,16.48
6/18/18,16.48
6/19/18,17.7
6/20/18,18.1
6/21/18,19.18
6/22/18,19.72
6/23/18,19.41
6/24/18,19.18
6/25/18,18.69
6/26/18,18.18
6/27/18,18.65
6/28/18,18.75
6/29/18,19.17
6/30/18,20.65
7/1/18,21.74
7/2/18,20.54
7/3/18,20.69
7/4/18,21.53
7/5/18,22.32
7/6/18,22.69
7/7/18,21.37
7/8/18,20.61
7/9/18,20.59
7/10/18,20.49
7/11/18,20.41
7/12/18,20.47
7/13/18,20.67
7/14/18,20.82
7/15/18,21.35
7/16/18,21.29
7/17/18,21.52
7/18/18,20.97
7/19/18,21.44
7/20/18,21.37
7/21/18,21.62
7/22/18,20.99
7/23/18,20.61
7/24/18,21.57
7/25/18,22.19
7/26/18,22.27
7/27/18,22.7
7/28/18,23.59
7/29/18,23
7/30/18,22.86
7/31/18,23.34
8/1/18,23.22
8/2/18,23.14
8/3/18,23.35
8/4/18,23.37
8/5/18,23.6
8/6/18,23.92
8/7/18,24.27
8/8/18,23.99
8/9/18,24.29
8/10/18,23.9
8/11/18,23.69
8/12/18,23.19
8/13/18,22.56
8/14/18,23.5
8/15/18,23.31
8/16/18,23.71
8/17/18,23.69
8/18/18,23.75
8/19/18,23.18
8/20/18,22.26
8/21/18,22.41
8/22/18,22.14
8/23/18,21.91
8/24/18,21.83
8/25/18,21.83
8/26/18,21.74
8/27/18,22.35
8/28/18,23.05
8/29/18,23.54
8/30/18,22.83
8/31/18,22.67
9/1/18,21.46
9/2/18,20.59
9/3/18,22.37
9/4/18,22.24
9/5/18,22.83
9/6/18,23.32
9/7/18,23.13
9/8/18,22.85
9/9/18,22.44
9/10/18,21.89
9/11/18,20.91
9/12/18,21.28
9/13/18,20.54
9/14/18,20.48
9/15/18,20.82
9/16/18,21.34
9/17/18,21.33
9/18/18,20.57
9/19/18,20.24
9/20/18,20.79
9/21/18,20.8
9/22/18,20.71
9/23/18,20.2
9/24/18,20.07
9/25/18,19.7
9/26/18,20.02
9/27/18,19.94
9/28/18,18.83
9/29/18,19.23
9/30/18,19.63
10/1/18,20.04
10/2/18,19.92
10/3/18,19.94
10/4/18,19.95
10/5/18,19.63
10/6/18,19.28
10/7/18,19.63
10/8/18,19.68
10/9/18,19.65
10/10/18,19.65
10/11/18,20.08
10/12/18,19.75
10/13/18,19.18
10/14/18,18.58
10/15/18,18.25
10/16/18,18.12
10/17/18,17.82
10/18/18,17.35
10/19/18,16.82
10/20/18,16.57
10/21/18,16.3
10/22/18,15.83
10/23/18,15.42
10/24/18,15.37
10/25/18,14.89
10/26/18,14.55
10/27/18,14.14
10/28/18,14.19
10/29/18,14.25
10/30/18,13.9
10/31/18,13.89
11/1/18,14.09
11/2/18,13.96
11/3/18,14.14
11/4/18,13.92
11/5/18,13.79
11/6/18,13.4
11/7/18,13.71
11/8/18,13.13
11/9/18,13.04
11/10/18,13.11
11/11/18,13.06
11/12/18,12.78
11/13/18,12.51
11/14/18,12.75
11/15/18,12.23
11/16/18,11.06
11/17/18,11.58
11/18/18,11.34
11/19/18,11.12
11/20/18,10.86
11/21/18,10.96
11/22/18,10.93
11/23/18,10.56
11/24/18,10.82
11/25/18,10.39
11/26/18,9.88
11/27/18,10.06
11/28/18,9.87
11/29/18,9.74
11/30/18,9.36
12/1/18,9.12
12/2/18,9.01
12/3/18,9.17
12/4/18,9.17
12/5/18,8.76
12/6/18,8.85
12/7/18,8.72
12/8/18,8.76
12/9/18,8.54
12/10/18,8.7
12/11/18,8.22
12/12/18,8.31
12/13/18,8.03
12/14/18,7.85
12/15/18,7.73
12/16/18,7.62
12/17/18,7.58
12/18/18,7.88
12/19/18,7.79
12/20/18,7.6
12/21/18,7.61
12/22/18,7.98
12/23/18,7.43
12/24/18,7.31
12/25/18,7.38
12/26/18,6.99
12/27/18,7.18
12/28/18,6.97
12/29/18,7.54
12/30/18,7.07
12/31/18,6.69
1/1/19,7.01
1/2/19,7.12
1/3/19,6.85
1/4/19,6.52
1/5/19,6.62
1/6/19,6.53
1/7/19,6.71
1/8/19,6.39
1/9/19,6.48
1/10/19,6.65
1/11/19,6.37
1/12/19,5.99
1/13/19,5.62
1/14/19,5.83
1/15/19,5.69
1/16/19,5.7
1/17/19,5.36
1/18/19,5.21
1/19/19,5.51
1/20/19,5.4
1/21/19,4.97
1/22/19,5.06
1/23/19,4.74
1/24/19,4.75
1/25/19,4.75
1/26/19,4.66
1/27/19,4.35
1/28/19,4.36
1/29/19,4.22
1/30/19,4.11
1/31/19,4.02
2/1/19,4.03
2/2/19,3.67
2/3/19,4.19
2/4/19,3.45
2/5/19,4.06
2/6/19,3.95
2/7/19,3.83
2/8/19,3.91
2/9/19,3.97
2/10/19,3.86
2/11/19,3.25
2/12/19,3.22
2/13/19,3.97
2/14/19,3.91
2/15/19,3.97
2/16/19,4.35
2/17/19,4.17
2/18/19,4.06
2/19/19,4.1
2/20/19,3.96
2/21/19,3.63
2/22/19,3.56
2/23/19,3.59
2/24/19,3.49
2/25/19,4.05
2/26/19,3.87
2/27/19,3.65
2/28/19,3.27
3/1/19,3.12
3/2/19,3.23
3/3/19,3.39
3/4/19,3.41
3/5/19,3.37
3/6/19,3.6
3/7/19,3.6
3/8/19,3.42
3/9/19,3.51
3/10/19,3.54
3/11/19,3.96
3/12/19,4.04
3/13/19,3.97
3/14/19,3.76
3/15/19,3.77
3/16/19,4.58
3/17/19,4.41
3/18/19,4.39
3/19/19,4.55
3/20/19,4.86
3/21/19,5.18
3/22/19,5.62
3/23/19,4.42
3/24/19,4.94
3/25/19,5.75
3/26/19,4.38
3/27/19,4.65
3/28/19,5.22
3/29/19,6.1
3/30/19,6.35
3/31/19,5.96
4/1/19,5.47
4/2/19,5.48
4/3/19,5.37
4/4/19,6.1
4/5/19,5.92
4/6/19,6.25
4/7/19,7.33
4/8/19,7.63
4/9/19,7.93
4/10/19,6.78
4/11/19,6.71
4/12/19,8.64
4/13/19,8.69
4/14/19,9.12
4/15/19,7.89
4/16/19,7.49
4/17/19,7.65
4/18/19,7.91
4/19/19,7.57
4/20/19,7.75
4/21/19,7.88
4/22/19,8.38
4/23/19,8.59
4/24/19,9.74
4/25/19,9.57
4/26/19,10.39
4/27/19,9.67
4/28/19,9.62
4/29/19,9.54
4/30/19,10.53
5/1/19,9.88
5/2/19,9.98
5/3/19,10.01
5/4/19,10.66
5/5/19,11.2
5/6/19,9.6
5/7/19,9.85
5/8/19,9.78
5/9/19,10.86
5/10/19,10.61
5/11/19,11.1
5/12/19,11.04
5/13/19,10.35
5/14/19,10.39
5/15/19,11.03
5/16/19,11.47
5/17/19,11.42
5/18/19,11.32
5/19/19,11.54
5/20/19,11.97
5/21/19,12.69
5/22/19,12.81
5/23/19,12.59
5/24/19,12.61
5/25/19,12.76
5/26/19,13.24
5/27/19,13.46
5/28/19,13.66
5/29/19,13.81
5/30/19,13.9
5/31/19,13.01
6/1/19,13.97
6/2/19,14.13
6/3/19,13.97
6/4/19,14.52
6/5/19,14.42
6/6/19,13.93
6/7/19,14.3
6/8/19,15.18
6/9/19,15.29
6/10/19,16.29
6/11/19,15.82
6/12/19,15.84
6/13/19,15.92
6/14/19,15.53
6/15/19,16.24
6/16/19,16.41
6/17/19,17.34
6/18/19,17.31
6/19/19,17.38
6/20/19,17.31
6/21/19,16.82
6/22/19,16.99
6/23/19,17.67
6/24/19,17.25
6/25/19,19.18
6/26/19,17.79
6/27/19,18.42
6/28/19,18.88
6/29/19,19.4
6/30/19,19.32
7/1/19,19.12
7/2/19,19.28
7/3/19,19.58
7/4/19,20.42
7/5/19,21.03
7/6/19,21.94
7/7/19,20.33
7/8/19,19.13
7/9/19,20.22
7/10/19,20.63
7/11/19,20.81
7/12/19,21.25
7/13/19,21.28
7/14/19,21.47
7/15/19,21.72
7/16/19,21.73
7/17/19,21.68
7/18/19,21.8
7/19/19,21.89
7/20/19,22.09
7/21/19,22.39
7/22/19,22.55
7/23/19,22.38
7/24/19,22.04
7/25/19,21.33
7/26/19,21.13
7/27/19,21.91
7/28/19,22.09
7/29/19,22.42
7/30/19,22.33
7/31/19,23.22
8/1/19,22.88
8/2/19,23.17
8/3/19,23.09
8/4/19,22.83
8/5/19,23.14
8/6/19,21.17
8/7/19,22.57
8/8/19,22
8/9/19,22.26
8/10/19,21.92
8/11/19,21.54
8/12/19,21.4
8/13/19,21.41
8/14/19,21.2
8/15/19,21.05
8/16/19,20.89
8/17/19,20.6
8/18/19,21.22
8/19/19,22.38
8/20/19,22.68
8/21/19,23.29
8/22/19,23.1
8/23/19,22.53
8/24/19,21.61
8/25/19,21.83
8/26/19,20.75
8/27/19,21.27
8/28/19,21.25
8/29/19,21.27
8/30/19,20.96
8/31/19,20.8
9/1/19,20.68
9/2/19,20.99
9/3/19,21.09
9/4/19,20.92
9/5/19,21.09
9/6/19,20.65
9/7/19,20.18
9/8/19,20.24
9/9/19,20.11
9/10/19,19.94
9/11/19,20.62
9/12/19,19.78
9/13/19,19.39
9/14/19,19.23
9/15/19,20.07
9/16/19,19.73
9/17/19,19.64
9/18/19,19.16
9/19/19,18.66
9/20/19,19.08
9/21/19,19.34
9/22/19,19.45
9/23/19,19.75
9/24/19,19.63
9/25/19,19.53
9/26/19,19.54
9/27/19,19.1
9/28/19,19.2
9/29/19,19.39
9/30/19,18.82
10/1/19,18.58
10/2/19,19.01
10/3/19,18.94
10/4/19,18.4
10/5/19,17.74
10/6/19,17.82
10/7/19,18.09
10/8/19,18.19
10/9/19,18.21
10/10/19,17.84
10/11/19,17.6
10/12/19,17.29
10/13/19,16.09
10/14/19,16.96
10/15/19,16.48
10/16/19,16.1
10/17/19,15.58
10/18/19,16.17
10/19/19,16.06
10/20/19,15.66
10/21/19,15.94
10/22/19,15.7
10/23/19,15.64
10/24/19,15.6
10/25/19,15.67
10/26/19,15.74
10/27/19,15.22
10/28/19,15.25
10/29/19,15.27
10/30/19,15.39
10/31/19,15.4
11/1/19,15.06
11/2/19,15.52
11/3/19,14.6
11/4/19,14.72
11/5/19,14.52
11/6/19,14.66
11/7/19,14.24
11/8/19,14.48
11/9/19,13.94
11/10/19,13.92
11/11/19,13.47
11/12/19,13.43
11/13/19,13.35
11/14/19,13.07
11/15/19,12.78
11/16/19,12.62
11/17/19,12.42
11/18/19,11.52
11/19/19,11.36
11/20/19,11.1
11/21/19,11.65
11/22/19,11.38
11/23/19,11.41
11/24/19,11.22
11/25/19,10.96
11/26/19,10.95
11/27/19,10.96
11/28/19,10.03
11/29/19,10.2
11/30/19,10.75
12/1/19,10.56
12/2/19,9.49
12/3/19,8.89
12/4/19,8.61
12/5/19,8.48
12/6/19,9.02
12/7/19,8.94
12/8/19,8.71
12/9/19,8.59
12/10/19,8.47
12/11/19,8.23
12/12/19,8.25
12/13/19,8.1
12/14/19,7.95
12/15/19,7.68
12/16/19,7.52
12/17/19,7.53
12/18/19,6.5
12/19/19,6.86
12/20/19,6.89
12/21/19,7.23
12/22/19,6.52
12/23/19,6.51
12/24/19,6.45
12/25/19,6.45
12/26/19,6.3
12/27/19,6.27
12/28/19,5.8
12/29/19,6.18
12/30/19,6
12/31/19,6.16
1/1/20,5.49
1/2/20,5.8
1/3/20,5.89
1/4/20,5.78
1/5/20,5.98
1/6/20,5.66
1/7/20,5.95
1/8/20,6.07
1/9/20,6.31
1/10/20,6.22
1/11/20,6.2
1/12/20,5.85
1/13/20,5.76
1/14/20,5.7
1/15/20,5.84
1/16/20,6.04
1/17/20,5.85
1/18/20,5.71
1/19/20,5.45
1/20/20,5.78
1/21/20,5.44
1/22/20,5.55
1/23/20,5.63
1/24/20,6.17
1/25/20,5.33
1/26/20,5.06
1/27/20,5.18
1/28/20,5.48
1/29/20,4.66
1/30/20,4.92
1/31/20,5.27
2/1/20,5.54
2/2/20,5.49
2/3/20,4.88
2/4/20,4.69
2/5/20,4.69
2/6/20,5.87
2/7/20,5.67
2/8/20,5.33
2/9/20,5.49
2/10/20,5.9
2/11/20,6
2/12/20,5.69
2/13/20,5.16
2/14/20,4.6
2/15/20,4.65
2/16/20,4.64
2/17/20,4.43
2/18/20,4.51
2/19/20,4.47
2/20/20,4.49
2/21/20,4.76
2/22/20,4.48
2/23/20,4.96
2/24/20,5.08
2/25/20,4.74
2/26/20,4.71
2/27/20,4.78
2/28/20,5.18
2/29/20,4.92
3/1/20,4.88
3/2/20,4.86
3/3/20,4.69
3/4/20,5.38
3/5/20,5.49
3/6/20,5.24
3/7/20,5.4
3/8/20,5.59
3/9/20,5.63
3/10/20,5.86
3/11/20,5.8
3/12/20,5.88
3/13/20,5.77
3/14/20,6.16
3/15/20,6.08
3/16/20,6.3
3/17/20,6.23
3/18/20,6.25
3/19/20,5.97
3/20/20,5.76
3/21/20,5.89
3/22/20,6.52
3/23/20,6.48
3/24/20,5.45
3/25/20,5.86
3/26/20,5.94
3/27/20,6.48
3/28/20,6.77
3/29/20,6.85
3/30/20,6.66
3/31/20,6.2
4/1/20,6.68
4/2/20,5.84
4/3/20,5.85
4/4/20,6.18
4/5/20,6.19
4/6/20,6.66
4/7/20,7.14
4/8/20,6.57
4/9/20,6.85
4/10/20,7.3
4/11/20,6.83
4/12/20,7.17
4/13/20,7.02
4/14/20,7.62
4/15/20,7.13
4/16/20,7.79
4/17/20,7.5
4/18/20,7.32
4/19/20,7.56
4/20/20,7.63
4/21/20,7.51
4/22/20,7.22
4/23/20,7.63
4/24/20,7.64
4/25/20,7.44
4/26/20,7.47
4/27/20,7.69
4/28/20,7.32
4/29/20,7.58
4/30/20,7.85
5/1/20,8.37
5/2/20,8.29
5/3/20,8.77
5/4/20,9.63
5/5/20,9.65
5/6/20,9.76
5/7/20,9.38
5/8/20,9.42
5/9/20,8.78
5/10/20,8.19
5/11/20,8.44
5/12/20,8.67
5/13/20,8.7
5/14/20,9.11
5/15/20,9.63
5/16/20,10.04
5/17/20,10.35
5/18/20,10.61
5/19/20,10.46
5/20/20,11.3
5/21/20,11.2
5/22/20,11.85
5/23/20,11.29
5/24/20,11.67
5/25/20,11.92
5/26/20,12.96
5/27/20,12.67
5/28/20,12.86
5/29/20,13
5/30/20,13.99
5/31/20,14.1
6/1/20,14.19
6/2/20,14.29
6/3/20,14.39
6/4/20,14.79
6/5/20,14.75
6/6/20,14.8
6/7/20,15.37
6/8/20,15.3
6/9/20,15.42
6/10/20,16.07
6/11/20,16.15
6/12/20,16.65
6/13/20,15.84
6/14/20,16.28
6/15/20,15.6
6/16/20,16.39
6/17/20,16.73
6/18/20,16.94
6/19/20,18.02
6/20/20,17.58
6/21/20,17.6
6/22/20,18.7
6/23/20,19.46
6/24/20,20.16
6/25/20,20.22
6/26/20,20.06
6/27/20,20.25
6/28/20,20.58
6/29/20,20.95
6/30/20,20.62
7/1/20,20.3
7/2/20,20.87
7/3/20,21.06
7/4/20,19.76
7/5/20,19.47
7/6/20,20.12
7/7/20,20.09
7/8/20,20.51
7/9/20,20.76
7/10/20,21.37
7/11/20,21.54
7/12/20,21.29
7/13/20,22.06
7/14/20,21.78
7/15/20,21.94
7/16/20,21.28
7/17/20,21.36
7/18/20,22.08
7/19/20,22.6
7/20/20,22.4
7/21/20,23.06
7/22/20,22.65
7/23/20,22.52
7/24/20,23.1
7/25/20,22.91
7/26/20,22.58
7/27/20,22.29
7/28/20,22.84
7/29/20,22.7
7/30/20,23.52
7/31/20,22.41
8/1/20,23.21
8/2/20,23.49
8/3/20,23.24
8/4/20,23.1
8/5/20,23.19
8/6/20,23.15
8/7/20,22.86
8/8/20,22.93
8/9/20,23.1
8/10/20,23.33
8/11/20,23.38
8/12/20,23.46
8/13/20,23.64
8/14/20,25.68
8/15/20,24.51
8/16/20,24.35
8/17/20,23.85
8/18/20,22.91
8/19/20,22.04
8/20/20,21.99
8/21/20,21.79
8/22/20,21.86
8/23/20,22.19
8/24/20,22.37
8/25/20,22.68
8/26/20,22.42
8/27/20,21.45
8/28/20,21.24
8/29/20,21.07
8/30/20,21.11
8/31/20,20.78
9/1/20,20.44
9/2/20,20.29
9/3/20,20.27
9/4/20,20.36
9/5/20,20.66
9/6/20,20.72
9/7/20,20.75
9/8/20,20.65
9/9/20,20.58
9/10/20,20.75
9/11/20,21.07
9/12/20,21.13
9/13/20,20.91
9/14/20,20.8
9/15/20,20.5
9/16/20,20.27
9/17/20,20.3
9/18/20,19.97
9/19/20,19.68
9/20/20,19.16
9/21/20,18.96
9/22/20,18.64
9/23/20,18.12
9/24/20,18.15
9/25/20,18.04
9/26/20,18.83
9/27/20,19.37
9/28/20,19.1
9/29/20,19.23
9/30/20,18.85
10/1/20,18.89
10/2/20,18.78
10/3/20,19
10/4/20,19.1
10/5/20,18.65
10/6/20,18.67
10/7/20,18.54
10/8/20,18.33
10/9/20,18.17
10/10/20,17.86
10/11/20,18.06
10/12/20,17.81
10/13/20,16.29
10/14/20,17.48
10/15/20,17.59
10/16/20,17.54
10/17/20,17.09
10/18/20,17.07
10/19/20,16.71
10/20/20,16.49
10/21/20,16.17
10/22/20,17.04
10/23/20,17.08
10/24/20,15.78
10/25/20,16.5
10/26/20,16.23
10/27/20,16.42
10/28/20,16.24
10/29/20,16.04
10/30/20,15.79
10/31/20,15.87
11/1/20,15.42
11/2/20,15.29
11/3/20,15
11/4/20,14.8
11/5/20,14.43
11/6/20,14.46
11/7/20,14.97
11/8/20,14.31
11/9/20,14.45
11/10/20,14.85
11/11/20,14.73
11/12/20,14.38
11/13/20,13.8
11/14/20,14.18
11/15/20,14.06
11/16/20,13.78
11/17/20,13.8
11/18/20,13.62
11/19/20,13.63
11/20/20,13.11
11/21/20,12.97
11/22/20,13.22
11/23/20,12.47
11/24/20,12.68
11/25/20,12.2
11/26/20,11.79
11/27/20,11.96
11/28/20,11.91
11/29/20,11.96
11/30/20,12.17
12/1/20,12.79
12/2/20,11.54
12/3/20,11.66
12/4/20,11.56
12/5/20,11.32
12/6/20,11.23
12/7/20,11.24
12/8/20,11.06
12/9/20,10.89
12/10/20,10.07
12/11/20,10.38
12/12/20,10.14
12/13/20,9.98
12/14/20,9.88
12/15/20,9.76
12/16/20,9.44
12/17/20,9.23
12/18/20,8.01
12/19/20,8.45
12/20/20,8.28
12/21/20,8.1
12/22/20,8.21
12/23/20,8.14
12/24/20,7.21
12/25/20,7.1
12/26/20,7.75
12/27/20,7.78
12/28/20,7.44
12/29/20,7.24
12/30/20,7.66
12/31/20,7.03
1/1/21,7.53
1/2/21,7.32
1/3/21,7.23
1/4/21,7
1/5/21,7.03
1/6/21,7.09
1/7/21,7.27
1/8/21,7.25
1/9/21,7.11
1/10/21,6.66
1/11/21,6.84
1/12/21,7
1/13/21,6.67
1/14/21,6.43
1/15/21,6.35
1/16/21,6.27
1/17/21,6.42
1/18/21,6.73
1/19/21,6.79
1/20/21,6.69
1/21/21,6.47
1/22/21,6.7
1/23/21,6.87
1/24/21,7.03
1/25/21,6.89
1/26/21,6.57
1/27/21,6.12
1/28/21,6.36
1/29/21,6.22
1/30/21,6.02
1/31/21,5.95
2/1/21,5.16
2/2/21,4.4
2/3/21,4.46
2/4/21,3.93
2/5/21,3.94
2/6/21,3.96
2/7/21,4.16
2/8/21,4.02
2/9/21,4.15
2/10/21,3.81
2/11/21,4.01
2/12/21,3.73
2/13/21,3.98
2/14/21,4.1
2/15/21,3.95
2/16/21,3.02
2/17/21,3
2/18/21,3.26
2/19/21,3.48
2/20/21,2.37
2/21/21,2.51
2/22/21,2.65
2/23/21,2.8
2/24/21,3.22
2/25/21,3.22
2/26/21,3.3
2/27/21,3.37
2/28/21,3.37
3/1/21,3.05
3/2/21,3.1
3/3/21,3.11
3/4/21,3.09
3/5/21,3.13
3/6/21,3.19
3/7/21,3.11
3/8/21,2.85
3/9/21,3.55
3/10/21,3.24
3/11/21,3.8
3/12/21,4.03
3/13/21,4.05
3/14/21,4.16
3/15/21,3.78
3/16/21,3.85
3/17/21,3.82
3/18/21,3.74
3/19/21,4.02
3/20/21,4.19
3/21/21,3.86
3/22/21,4.77
3/23/21,5.24
3/24/21,5.4
3/25/21,5.32
3/26/21,5.39
3/27/21,5.74
3/28/21,5.72
3/29/21,5.49
3/30/21,6.03
3/31/21,7.2
4/1/21,5.82
4/2/21,6.05
4/3/21,5.77
4/4/21,6.16
4/5/21,5.99
4/6/21,6.26
4/7/21,6.98
4/8/21,7
4/9/21,6.76
4/10/21,7.69
4/11/21,7.56
4/12/21,7.3
4/13/21,7.16
4/14/21,8.13
4/15/21,7.81
4/16/21,7.26
4/17/21,7.5
4/18/21,7.35
4/19/21,8.22
4/20/21,8.42
4/21/21,8.58
4/22/21,7.79
4/23/21,7.03
4/24/21,7.65
4/25/21,7.62
4/26/21,7.85
4/27/21,7.71
4/28/21,7.92
4/29/21,8.88
4/30/21,8.33
5/1/21,8.39
5/2/21,8.32
5/3/21,8.54
5/4/21,9.14
5/5/21,8.66
5/6/21,10.02
5/7/21,10.01
5/8/21,10.13
5/9/21,9.89
5/10/21,10.16
5/11/21,10.42
5/12/21,10.47
5/13/21,10.76
5/14/21,11.12
5/15/21,11.53
5/16/21,12.41
5/17/21,12.72
5/18/21,12.76
5/19/21,13.1
5/20/21,13.02
5/21/21,13.23
5/22/21,13.25
5/23/21,13.44
5/24/21,13.45
5/25/21,13.35
5/26/21,13.59
5/27/21,14.02
5/28/21,14.24
5/29/21,14.82
5/30/21,14.88
5/31/21,14.03
6/1/21,13.2
6/2/21,13.99
6/3/21,14.5
6/4/21,15.11
6/5/21,14.69
6/6/21,15.46
6/7/21,15.75
6/8/21,15.91
6/9/21,16.92
6/10/21,16.64
6/11/21,16.89
6/12/21,17.52
6/13/21,17.07
6/14/21,17.31
6/15/21,18.36
6/16/21,18.09
6/17/21,18.05
6/18/21,18.09
6/19/21,17.73
6/20/21,17.8
6/21/21,18.21
6/22/21,18.95
6/23/21,17.92
6/24/21,18.36
6/25/21,18.31
6/26/21,19
6/27/21,18.43
6/28/21,19.38
6/29/21,19.74
6/30/21,20.39
7/1/21,20.43
7/2/21,20.82
7/3/21,19.3
7/4/21,18.84
7/5/21,19.68
7/6/21,19.73
7/7/21,20.42
7/8/21,20
7/9/21,20.27
7/10/21,19.53
7/11/21,19.92
7/12/21,20.55
7/13/21,21.21
7/14/21,21.58
7/15/21,21.28
7/16/21,21.45
7/17/21,21.34
7/18/21,22.44
7/19/21,22.27
7/20/21,22.48
7/21/21,22.66
7/22/21,22.23
7/23/21,22.1
7/24/21,21.68
7/25/21,20.53
7/26/21,21.55
7/27/21,21.34
7/28/21,21.55
7/29/21,21.42
7/30/21,21.41
7/31/21,21.21
8/1/21,20.89
8/2/21,21.68
8/3/21,21.59
8/4/21,21.61
8/5/21,21.52
8/6/21,21.43
8/7/21,21.73
8/8/21,21.72
8/9/21,21.64
8/10/21,21.45
8/11/21,22.75
8/12/21,22.8
8/13/21,22.62
8/14/21,23.33
8/15/21,23.67
8/16/21,23.13
8/17/21,22.82
8/18/21,23.07
8/19/21,23.21
8/20/21,23.05
8/21/21,23.8
8/22/21,22.31
8/23/21,22.84
8/24/21,23.24
8/25/21,23.49
8/26/21,24.23
8/27/21,24.16
8/28/21,24.22
8/29/21,22.72
8/30/21,22.99
8/31/21,22.82
9/1/21,23.5
9/2/21,21.61
9/3/21,21.71
9/4/21,21.52
9/5/21,21.59
9/6/21,21.5
9/7/21,21.25
9/8/21,21.51
9/9/21,22
9/10/21,21.55
9/11/21,21.43
9/12/21,20.96
9/13/21,21.45
9/14/21,21.59
9/15/21,21.27
9/16/21,21.52
9/17/21,22.42
9/18/21,21.62
9/19/21,21.35
9/20/21,20.92
9/21/21,21.11
9/22/21,20.95
9/23/21,21.48
9/24/21,21.26
9/25/21,21.48
9/26/21,21.13
9/27/21,20.9
9/28/21,20.7
9/29/21,20.43
9/30/21,20.19
10/1/21,19.71
10/2/21,19.68
10/3/21,19.54
10/4/21,20.21
10/5/21,20
10/6/21,19.22
10/7/21,19.19
10/8/21,19.16
10/9/21,20.34
10/10/21,20.14
10/11/21,18.9
10/12/21,18.6
10/13/21,18.83
10/14/21,18.85
10/15/21,19.13
10/16/21,19.81
10/17/21,19.19
10/18/21,18.7
10/19/21,18.28
10/20/21,18.13
10/21/21,18.2
10/22/21,18.11
10/23/21,18.25
10/24/21,17.78
10/25/21,17.37
10/26/21,17.01
10/27/21,16.73
10/28/21,16.45
10/29/21,15.52
10/30/21,15.26
10/31/21,16.37
11/1/21,16.29
11/2/21,16.22
11/3/21,15.91
11/4/21,15.56
11/5/21,15.37
11/6/21,15.37
11/7/21,15.08
11/8/21,15.04
11/9/21,14.65
11/10/21,14.73
11/11/21,15.21
11/12/21,15.27
11/13/21,14.51
11/14/21,14.59
11/15/21,14.24
11/16/21,14.21
11/17/21,14.14
11/18/21,13.63
11/19/21,13.53
11/20/21,13.9
11/21/21,13.61
11/22/21,13.51
11/23/21,13.24
11/24/21,13.25
11/25/21,13.18
11/26/21,12.71
11/27/21,12.94
11/28/21,12.53
11/29/21,12.27
11/30/21,12.52
12/1/21,12.05
12/2/21,11.77
12/3/21,12.01
12/4/21,11.58
12/5/21,11.82
12/6/21,11.56
12/7/21,11.08
12/8/21,10.75
12/9/21,10.59
12/10/21,9.8
12/11/21,9.89
12/12/21,9.85
12/13/21,10.52
12/14/21,10.42
12/15/21,10.24
12/16/21,9.89
12/17/21,10.08
12/18/21,10.32
12/19/21,9.08
12/20/21,9.84
12/21/21,9.86
12/22/21,9.62
12/23/21,9.75
12/24/21,9.35
12/25/21,8.94
12/26/21,8.9
12/27/21,9.24
12/28/21,9.23
12/29/21,8.91
12/30/21,8.43
12/31/21,8.02
1/1/22,7.86
1/2/22,7.76
1/3/22,7.64
1/4/22,8.41
1/5/22,7.99
1/6/22,7.7
1/7/22,6.85
1/8/22,7.64
1/9/22,8.18
1/10/22,7.86
1/11/22,7.52
1/12/22,7.32
1/13/22,7.22
1/14/22,7.11
1/15/22,7
1/16/22,6.97
1/17/22,6.54
1/18/22,6.43
1/19/22,6.5
1/20/22,6.37
1/21/22,6.31
1/22/22,5.68
1/23/22,6.04
1/24/22,5.78
1/25/22,5.47
1/26/22,5.54
1/27/22,5.79
1/28/22,5.86
1/29/22,5.3
1/30/22,5.82
1/31/22,5.63
2/1/22,5.43
2/2/22,5.22
2/3/22,5.25
2/4/22,5.01
2/5/22,4.68
2/6/22,4.61
2/7/22,4.74
2/8/22,3.37
2/9/22,3.7
2/10/22,4.2
2/11/22,4.15
2/12/22,4.45
2/13/22,4.33
2/14/22,3.76
2/15/22,3.92
2/16/22,4.24
2/17/22,4.19
2/18/22,4.85
2/19/22,4.92
2/20/22,5.1
2/21/22,4.88
2/22/22,4.61
2/23/22,5.49
2/24/22,5.71
2/25/22,4.81
2/26/22,4.41
2/27/22,4.38
2/28/22,4.39
3/1/22,4.15
3/2/22,4.76
3/3/22,4.71
3/4/22,4.73
3/5/22,4.5
3/6/22,4.74
3/7/22,5.07
3/8/22,5.22
3/9/22,5.33
3/10/22,5.38
3/11/22,5.3
3/12/22,5.17
3/13/22,4.91
3/14/22,4.97
3/15/22,4.89
3/16/22,5.48
3/17/22,5.51
3/18/22,5.32
3/19/22,5.41
3/20/22,5.84
3/21/22,5.93
3/22/22,6.16
3/23/22,5.87
3/24/22,6.26
3/25/22,6.03
3/26/22,5.94
3/27/22,5.91
3/28/22,5.91
3/29/22,5.39
3/30/22,5.49
3/31/22,5.83
4/1/22,5.98
4/2/22,6.04
4/3/22,6.5
4/4/22,6.5
4/5/22,6.37
4/6/22,6.2
4/7/22,6.56
4/8/22,6.55
4/9/22,6.76
4/10/22,7.26
4/11/22,7.2
4/12/22,7.91
4/13/22,8.09
4/14/22,8.03
4/15/22,8.83
4/16/22,9.24
4/17/22,8.27
4/18/22,8.3
4/19/22,8.18
4/20/22,8.07
4/21/22,7.92
4/22/22,8.87
4/23/22,8.99
4/24/22,8.56
4/25/22,8.65
4/26/22,9.04
4/27/22,9.2
4/28/22,8.57
4/29/22,8.42
4/30/22,8.65
5/1/22,8.72
5/2/22,9.51
5/3/22,9.97
5/4/22,10.06
5/5/22,9.55
5/6/22,10.53
5/7/22,10.4
5/8/22,10.14
5/9/22,9.83
5/10/22,9.75
5/11/22,10.4
5/12/22,10.18
5/13/22,10.23
5/14/22,10.51
5/15/22,11.48
5/16/22,11.38
5/17/22,12.55
5/18/22,12.41
5/19/22,12.41
5/20/22,11.81
5/21/22,13.84
5/22/22,14.76
5/23/22,14.74
5/24/22,13.53
5/25/22,13.8
5/26/22,14.59
5/27/22,14.32
5/28/22,15.4
5/29/22,15.44
5/30/22,15.93
5/31/22,15.93
6/1/22,15.66
6/2/22,15.61
6/3/22,15.11
6/4/22,15
6/5/22,16.05
6/6/22,16.06
6/7/22,16.77
6/8/22,17.47
6/9/22,17.06
6/10/22,17.12
6/11/22,17.14
6/12/22,17.27
6/13/22,18.64
6/14/22,19.04
6/15/22,18.95
6/16/22,18.5
6/17/22,17.73
6/18/22,17.83
6/19/22,17.92
6/20/22,17.02
6/21/22,17.39
6/22/22,17.5
6/23/22,17.33
6/24/22,17.54
6/25/22,18.45
6/26/22,19.44
6/27/22,18.7
6/28/22,18.77
6/29/22,19.48
6/30/22,19.56
7/1/22,19.84
7/2/22,20.65
7/3/22,19.55
7/4/22,20.18
7/5/22,20.3
7/6/22,20.45
7/7/22,20.79
7/8/22,20.43
7/9/22,20.89
7/10/22,20.53
7/11/22,20.45
7/12/22,20.65
7/13/22,20.98
7/14/22,21.55
7/15/22,21.4
7/16/22,21.36
7/17/22,21.15
7/18/22,20.91
7/19/22,21.56
7/20/22,22.07
7/21/22,22.49
7/22/22,23.42
7/23/22,23.37
7/24/22,23.13
7/25/22,23.08
7/26/22,22.28
7/27/22,22.32
7/28/22,22.44
7/29/22,23.27
7/30/22,22.9
7/31/22,22.79
8/1/22,22.6
8/2/22,22.48
8/3/22,22.87
8/4/22,23.15
8/5/22,24.02
8/6/22,24.08
8/7/22,23.62
8/8/22,23.21
8/9/22,24.01
8/10/22,22.73
8/11/22,22.62
8/12/22,22.62
8/13/22,21.92
8/14/22,21.79
8/15/22,22.46
8/16/22,21.95
8/17/22,21.83
8/18/22,21.81
8/19/22,21.81
8/20/22,22.43
8/21/22,22.31
8/22/22,21.29
8/23/22,22.61
8/24/22,22.46
8/25/22,22.84
8/26/22,23.88
8/27/22,23.06
8/28/22,22.1
8/29/22,22.8
8/30/22,23.17
8/31/22,22.83
9/1/22,23.31
9/2/22,22.79
9/3/22,22.08
9/4/22,21.96
9/5/22,22.2
9/6/22,22.16
9/7/22,21.08
9/8/22,20.98
9/9/22,21.06
9/10/22,21.02
9/11/22,21.57
9/12/22,21.39
9/13/22,20.28
9/14/22,21.42
9/15/22,21.11
9/16/22,20.96
9/17/22,20.87
9/18/22,20.5
9/19/22,20.83
9/20/22,21.1
9/21/22,21.22
9/22/22,20.83
9/23/22,20.03
9/24/22,19.51
9/25/22,19.34
9/26/22,19.31
9/27/22,19.2
9/28/22,19.01
9/29/22,18.93
9/30/22,18.9
10/1/22,18.69
10/2/22,18.27
10/3/22,17.75
10/4/22,17.37
10/5/22,17.27
10/6/22,16.84
10/7/22,17.16
10/8/22,16.83
10/9/22,16.92
10/10/22,16.66
10/11/22,16.85
10/12/22,16.54
10/13/22,16.58
10/14/22,17.15
10/15/22,16.85
10/16/22,16.86
10/17/22,17.07
10/18/22,16.8
10/19/22,16.58
10/20/22,16.42
10/21/22,16.34
10/22/22,16.3
10/23/22,16.79
10/24/22,16.28
10/25/22,16.15
10/26/22,15.95
10/27/22,16.31
10/28/22,16.3
10/29/22,15.89
10/30/22,15.63
10/31/22,15.37
11/1/22,15.39
11/2/22,15.48
11/3/22,15.61
11/4/22,15.82
11/5/22,15.78
11/6/22,15.85
11/7/22,16.07
11/8/22,15.62
11/9/22,15.49
11/10/22,15.35
11/11/22,15.07
11/12/22,15.85
11/13/22,15.35
11/14/22,15.12
11/15/22,14.94
11/16/22,14.08
11/17/22,14.03
11/18/22,14.2
11/19/22,14.15
11/20/22,13.61
11/21/22,13.36
11/22/22,12.98
11/23/22,12.85
11/24/22,12.22
11/25/22,12.17
11/26/22,12.28
11/27/22,12.26
11/28/22,11.9
11/29/22,11.67
11/30/22,10.97
12/1/22,11.43
12/2/22,11.27
12/3/22,10.94
12/4/22,10.94
12/5/22,10.75
12/6/22,10.55
12/7/22,10.34
12/8/22,10.49
12/9/22,10.44
12/10/22,10.22
12/11/22,9.82
12/12/22,10.01
12/13/22,9.78
12/14/22,9.73
12/15/22,9.33
12/16/22,9.1
12/17/22,8.87
12/18/22,9.03
12/19/22,8.74
12/20/22,8.8
12/21/22,8.18
12/22/22,7.28
12/23/22,7.45
12/24/22,7.46
12/25/22,7.54
12/26/22,7.15
12/27/22,6.79
12/28/22,6.68
12/29/22,6.52
12/30/22,6.78
12/31/22,5.66
1/1/23,6.78
1/2/23,6.21
1/3/23,6.32
1/4/23,6.32
1/5/23,6.49
1/6/23,5.49
1/7/23,6.32
1/8/23,5.8
1/9/23,5.96
1/10/23,6.47
1/11/23,6.06
1/12/23,6.09
1/13/23,6.05
1/14/23,5.96
1/15/23,5.84
1/16/23,5.45
1/17/23,5.8
1/18/23,5.82
1/19/23,5.9
1/20/23,5.8
1/21/23,5.73
1/22/23,5.66
1/23/23,5.57
1/24/23,5.51
1/25/23,5.55
1/26/23,5.73
1/27/23,5.49
1/28/23,5.91
1/29/23,5.65
1/30/23,6.01
1/31/23,5.96
2/1/23,4.8
2/2/23,5.25
2/3/23,5.51
2/4/23,5.27
2/5/23,4.51
2/6/23,4.45
2/7/23,5.13
2/8/23,5.61
2/9/23,4.34
2/10/23,5.49
2/11/23,5.43
2/12/23,5.03
2/13/23,4.99
2/14/23,5.55
2/15/23,5.58
2/16/23,6.43
2/17/23,6.27
2/18/23,5.82
2/19/23,5.21
2/20/23,5.28
2/21/23,5.44
2/22/23,5.79
2/23/23,5.56
2/24/23,5.59
2/25/23,5.66
2/26/23,5.51
2/27/23,5.41
2/28/23,4.98
3/1/23,4.87
3/2/23,4.96
3/3/23,4.91
3/4/23,4.63
3/5/23,5.06
3/6/23,5.11
3/7/23,4.97
3/8/23,4.63
3/9/23,4.91
3/10/23,4.84
3/11/23,4.72
3/12/23,5.1
3/13/23,4.93
3/14/23,4.76
3/15/23,4.95
3/16/23,4.97
3/17/23,4.71
3/18/23,5.03
3/19/23,5.49
3/20/23,5.3
3/21/23,5.6
3/22/23,5.37
3/23/23,5.41
3/24/23,5.42
3/25/23,6.06
3/26/23,5.77
3/27/23,5.99
3/28/23,6.1
3/29/23,5.94
3/30/23,6.2
3/31/23,6.24
4/1/23,6.28
4/2/23,6.27
4/3/23,6.36
4/4/23,6.62
4/5/23,6.62
4/6/23,6.87
4/7/23,6.86
4/8/23,6.9
4/9/23,6.64
4/10/23,7.16
4/11/23,6.97
4/12/23,8.24
4/13/23,8.16
4/14/23,9.25
4/15/23,9.37
4/16/23,9.13
4/17/23,9.77
4/18/23,8.78
4/19/23,8.73
4/20/23,8.89
4/21/23,9.41
4/22/23,9.07
4/23/23,9.51
4/24/23,9.34
4/25/23,9.64
4/26/23,10.46
4/27/23,10.67
4/28/23,10.23
4/29/23,11.16
4/30/23,11.76
5/1/23,10.56
5/2/23,10.38
5/3/23,10.35
5/4/23,11.66
5/5/23,11.43
5/6/23,11.75
5/7/23,12.06
5/8/23,12.97
5/9/23,12.59
5/10/23,12.46
5/11/23,12.46
5/12/23,12.73
5/13/23,13.56
5/14/23,13.34
5/15/23,13.58
5/16/23,13.7
5/17/23,13.21
5/18/23,12.58
5/19/23,12.66
5/20/23,12.56
5/21/23,13.42
5/22/23,13.67
5/23/23,13.41
5/24/23,13.54
5/25/23,13.42
5/26/23,14.26
5/27/23,14.88
5/28/23,15
5/29/23,14.63
5/30/23,14.73
5/31/23,14.92
6/1/23,16.3
6/2/23,16.46
6/3/23,15.92
6/4/23,15.48
6/5/23,14.34
6/6/23,14.35
6/7/23,14.8
6/8/23,16
6/9/23,15.23
6/10/23,15.96
6/11/23,15.63
6/12/23,15.98
6/13/23,17.39
6/14/23,16.66
6/15/23,16.83
6/16/23,17.1
6/17/23,17.98
6/18/23,17.81
6/19/23,17.72
6/20/23,17.13
6/21/23,17.73
6/22/23,17.71
6/23/23,18.03
6/24/23,18.23
6/25/23,18.17
6/26/23,18.35
6/27/23,19.2
6/28/23,19.29
6/29/23,19.32
6/30/23,19.82
7/1/23,20.42
7/2/23,20.1
7/3/23,19.69
7/4/23,20.59
7/5/23,22.08
7/6/23,22.01
7/7/23,21.99
7/8/23,21.91
7/9/23,22.04
7/10/23,21.5
7/11/23,21.95
7/12/23,22.61
7/13/23,23.03
7/14/23,21.88
7/15/23,22.52
7/16/23,22.47
7/17/23,22.66
7/18/23,23.05
7/19/23,22.72
7/20/23,23.2
7/21/23,23.4
7/22/23,23.4
7/23/23,23.73
7/24/23,23.42
7/25/23,23.61
7/26/23,23.8
7/27/23,23.71
7/28/23,23.17
7/29/23,24.08
7/30/23,23.28
7/31/23,22.12
8/1/23,21.87
8/2/23,20.89
8/3/23,21.06
8/4/23,21.04
8/5/23,21.86
8/6/23,21.6
8/7/23,21.62
8/8/23,21.54
8/9/23,21.61
8/10/23,21.7
8/11/23,21.4
8/12/23,21.73
8/13/23,22.69
8/14/23,22.1
8/15/23,22.58
8/16/23,22.82
8/17/23,22.59
8/18/23,22.22
8/19/23,20.94
8/20/23,20.95
8/21/23,21.2
8/22/23,20.77
8/23/23,20.75
8/24/23,20.62
8/25/23,20.99
8/26/23,21.01
8/27/23,21.03
8/28/23,20.75
8/29/23,20.91
8/30/23,20.89
8/31/23,20.05
9/1/23,20.06
9/2/23,19.84
9/3/23,20.47
9/4/23,20.69
9/5/23,22.66
9/6/23,22.58
9/7/23,22.98
9/8/23,22.93
9/9/23,22.59
9/10/23,22.77
9/11/23,22.47
9/12/23,23.13
9/13/23,23.07
9/14/23,23.11
9/15/23,22.68
9/16/23,22.15
9/17/23,20.63
9/18/23,20.32
9/19/23,19.71
9/20/23,19.72
9/21/23,19.43
9/22/23,18.77
9/23/23,18.66
9/24/23,18.53
9/25/23,18.4
9/26/23,17.94
9/27/23,17.83
9/28/23,17.78
9/29/23,18.25
9/30/23,18.09
10/1/23,17.6
10/2/23,17.61
10/3/23,17.64
10/4/23,17.95
10/5/23,18.44
10/6/23,19.03
10/7/23,19.09
10/8/23,18.04
10/9/23,17.8
10/10/23,17.94
10/11/23,17.66
10/12/23,17.54
10/13/23,17.49
10/14/23,17.35
10/15/23,17.15
10/16/23,16.82
10/17/23,16.75
10/18/23,16.93
10/19/23,16.73
10/20/23,16.11
10/21/23,16.33
10/22/23,16
10/23/23,15.79
10/24/23,15.93
10/25/23,15.99
10/26/23,16.06
10/27/23,16.05
10/28/23,16.18
10/29/23,16.46
10/30/23,16.27
10/31/23,15.93
11/1/23,15.02
11/2/23,15.01
11/3/23,14.94
11/4/23,14.75
11/5/23,14.7
11/6/23,14.81
11/7/23,14.31
11/8/23,14.42
11/9/23,14.16
11/10/23,14.04
11/11/23,14.01
11/12/23,13.66
11/13/23,13.38
11/14/23,13.06
11/15/23,12.88
11/16/23,12.95
11/17/23,12.65
11/18/23,12.62
11/19/23,12.78
11/20/23,12.67
11/21/23,12.29
11/22/23,12.07
11/23/23,11.77
11/24/23,11.84
11/25/23,11.45
11/26/23,11.37
11/27/23,11.14
11/28/23,10.89
11/29/23,11.11
11/30/23,10.95
12/1/23,10.69
12/2/23,10.4
12/3/23,10.24
12/4/23,10.13
12/5/23,9.83
12/6/23,10.01
12/7/23,9.74
12/8/23,10.01
12/9/23,9.57
12/10/23,9.71
12/11/23,9.95
12/12/23,9.56
12/13/23,9.59
12/14/23,9.23
12/15/23,9.52
12/16/23,9.2
12/17/23,9.06
12/18/23,9.66
12/19/23,9.17
12/20/23,8.92
12/21/23,8.83
12/22/23,8.66
12/23/23,8.2
12/24/23,8.19
12/25/23,8.61
12/26/23,8.58
12/27/23,8.34
12/28/23,8.16
12/29/23,8.31
12/30/23,8.42
12/31/23,8.35